violation_data,cost_data,consensus cost,generations_done
1.9844172525896627e-05,6008.457985584177,6008.45798558417,2
